Workbook

Sheet Company profile
A1: MediConnect Health Cyber Risk Assessment – Company Profile
A3: Campo | B3: Informazione | D3: Business Description
A4: Nome compagnia | B4: MediConnect Health S.r.l. | D4: MediConnect Health è un’azienda europea fittizia di telemedicina che offre consulenze mediche da remoto attraverso una piattaforma web e mobile. I pazienti possono creare un account, prenotare appuntamenti, comunicare con professionisti sanitari, caricare documenti medici, ricevere prescrizioni ed effettuare pagamenti online. L’azienda tratta dati personali e sanitari e dipende in larga misura da servizi cloud e fornitori tecnologici esterni.
A5: Settore | B5: Telehealth / Digital Healthcare
A6: Headquarters | B6: Italy
A7: Geographic Scope | B7: European Union
A8: Impiegati | B8: 300
A9: Pazienti registrati | B9: 120
A10: Modello di lavoro | B10: Remote-first
A11: Servizio principale | B11: Online medical consultations
A12: Assessment Scope | B12: Cybersecurity risks affecting the telehealth service | D12: Key Stakeholders
A13: Assessment Period | B13: 2026 | D13: Consiglio di amministrazione
A14: Prepared By | B14: Fabio De Zanet | D14: Amministratore delegato
A15: Role | B15: Junior Cybersecurity Risk Analyst | D15: CISO
A16: Document Status | B16: Draft | D16: Responsabile IT
A17: Version | B17: 1.0 | D17: Responsabile della protezione dei dati
D18: Direttore clinico
A19: Critical assets | D19: Responsabile della gestione del rischio
A20: A-01 | B20: Database dei dati sanitari dei pazienti | D20: Responsabili dei sistemi
A21: A-02 | B21: Applicazione web di telemedicina | D21: Dipendenti e professionisti sanitari
A22: A-03 | B22: Applicazione mobile | D22: Fornitori terzi
A23: A-04 | B23: Infrastruttura cloud AWS
A24: A-05 | B24: Piattaforma per le cartelle cliniche elettroniche
A25: A-06 | B25: Ambiente Microsoft 365 | D25: Security Objectives
A26: A-07 | B26: Laptop dei dipendenti | D26: Confidentiality | E26: Proteggere i dati sanitari
A27: A-08 | B27: Dispositivi dei professionisti sanitari | D27: Integrity | E27: Evitare modifiche non autorizzate
A28: A-09 | B28: Sistemi di backup | D28: Availability | E28: Mantenere disponibili i servizi
A29: A-10 | B29: Fornitore del servizio di videoconsulto | D29: Privacy | E29: Trattare correttamente i dati personali
A30: A-11 | B30: Fornitore dei servizi di pagamento | D30: Accountability | E30: Tracciare chi fa cosa
A31: A-12 | B31: Dipendenti e professionisti sanitari | D31: Resilience | E31: Ripristinare dopo incidenti
A32: A-13 | B32: Registri di sicurezza | D32: Compliance | E32: Rispettare obblighi normativi
A33: A-14 | B33: Reputazione aziendale
A34: A-15 | B34: Credenziali degli utenti
A37: Risk Assestment scope
A38: Il perimetro dell’assessment include i rischi di cybersecurity relativi alla piattaforma di telemedicina, all’infrastruttura cloud, ai dati dei pazienti, agli utenti interni, ai fornitori terzi e ai processi aziendali critici di MediConnect Health. Sono esclusi dal perimetro la sicurezza fisica, la responsabilità professionale sanitaria e i rischi finanziari generali, salvo quando tali rischi derivano direttamente da un incidente informatico.

Sheet Risk Methodology
A2: Score | B2: Likelihood | C2: Description | I2: Significato delle criticità
A3: 1 | B3: Rare | C3: Evento improbabile, nessuna evidenza recente | I3: Low: rischio basso, gestibile con monitoraggio ordinario. Medium: rischio medio, richiede attenzione del managment e trattamento pianificato. High: rischio alto, richiede remediation tempestiva e assegnazione di un owner. Critical: rischio critico, richiede intervento urgente e visibilità del senior managment.
A4: 2 | B4: Unlikely | C4: Potrebbe accadere, ma in condizioni particolari
A5: 3 | B5: Possible | C5: Potrebbe accadere in base all’esposizione attuale
A6: 4 | B6: Likely | C6: Probabile a causa di debolezze esistenti
A7: 5 | B7: Almost certain | C7: Molto probabile o già accaduto più volte
A9: Score | B9: Impact | C9: Description
A10: 1 | B10: Minimal | C10: Impatto limitato, facilmente recuperabile
A11: 2 | B11: Minor | C11: Piccola interruzione o basso impatto operativo
A12: 3 | B12: Moderate | C12: Interruzione visibile o impatto compliance moderato
A13: 4 | B13: Major | C13: Impatto significativo, dati sensibili esposti o danno reputazionale
A14: 5 | B14: Severe | C14: Grave violazione, fermo critico, impatto su pazienti o sanzioni importanti
A16: Process ID | B16: Business Process | C16: Description | D16: Likelihood | E16: Impact | F16: Risk score | G16: Risk rating | I16: Risk rating criteria
A17: BP-01 | B17: Patient Registration | C17: Creazione e gestione degli account dei pazienti | D17: 4 | E17: 5 | F17: ='Risk Methodology'!A6*'Risk Methodology'!A14 -> 20 | G17: =IF(F17>=16,"Critical",IF(F17>=10,"High",IF(F17>=5,"Medium","Low"))) -> Critical | I17: Risk Score Range | J17: Risk Rating | K17: Meaning
A18: BP-02 | B18: Appointment Booking | C18: Prenotazione e gestione delle visite | D18: 3 | E18: 4 | F18: ='Risk Methodology'!A5*'Risk Methodology'!A13 -> 12 | G18: =IF(F18>=16,"Critical",IF(F18>=10,"High",IF(F18>=5,"Medium","Low"))) -> High | I18: 1–4 | J18: Low | K18: Rischio basso, monitoraggio ordinario
A19: BP-03 | B19: Medical Consultation | C19: Erogazione delle consultazioni online | D19: 3 | E19: 3 | F19: =A5*A12 -> 9 | G19: =IF(F19>=16,"Critical",IF(F19>=10,"High",IF(F19>=5,"Medium","Low"))) -> Medium | I19: 5–9 | J19: Medium | K19: Rischio medio, attenzione del management
A20: BP-04 | B20: Health Record Management | C20: Archiviazione e consultazione dei dati sanitari | D20: 4 | E20: 5 | F20: ='Risk Methodology'!A6*'Risk Methodology'!A14 -> 20 | G20: =IF(F20>=16,"Critical",IF(F20>=10,"High",IF(F20>=5,"Medium","Low"))) -> Critical | I20: 10–15 | J20: High | K20: Rischio alto, remediation pianificata
A21: BP-05 | B21: Digital Prescriptions | C21: Creazione e trasmissione delle prescrizioni | D21: 2 | E21: 2 | F21: ='Risk Methodology'!A4*'Risk Methodology'!A11 -> 4 | G21: =IF(F21>=16,"Critical",IF(F21>=10,"High",IF(F21>=5,"Medium","Low"))) -> Low | I21: 16–25 | J21: Critical | K21: Rischio critico, intervento urgente
A22: BP-06 | B22: Payment Processing | C22: Gestione dei pagamenti online | D22: 4 | E22: 5 | F22: ='Risk Methodology'!A6*'Risk Methodology'!A14 -> 20 | G22: =IF(F22>=16,"Critical",IF(F22>=10,"High",IF(F22>=5,"Medium","Low"))) -> Critical
A23: BP-07 | B23: Patient Communication | C23: Messaggi tra pazienti e professionisti sanitari | D23: 4 | E23: 4 | F23: ='Risk Methodology'!A5*'Risk Methodology'!A13 -> 12 | G23: =IF(F23>=16,"Critical",IF(F23>=10,"High",IF(F23>=5,"Medium","Low"))) -> High
A24: BP-08 | B24: Customer Support | C24: Assistenza tecnica e amministrativa | D24: 3 | E24: 5 | F24: ='Risk Methodology'!A5*'Risk Methodology'!A14 -> 15 | G24: =IF(F24>=16,"Critical",IF(F24>=10,"High",IF(F24>=5,"Medium","Low"))) -> High | I24: Risk score formula
A25: BP-09 | B25: Employee Access Management | C25: Creazione, modifica e revoca degli accessi | D25: 3 | E25: 5 | F25: ='Risk Methodology'!A5*'Risk Methodology'!A14 -> 15 | G25: =IF(F25>=16,"Critical",IF(F25>=10,"High",IF(F25>=5,"Medium","Low"))) -> High | I25: Item | J25: Formula
A26: BP-10 | B26: Regulatory Compliance | C26: Gestione degli obblighi privacy e sicurezza | D26: 3 | E26: 4 | F26: ='Risk Methodology'!A5*'Risk Methodology'!A13 -> 12 | G26: =IF(F26>=16,"Critical",IF(F26>=10,"High",IF(F26>=5,"Medium","Low"))) -> High | I26: Risk score | J26: Likelihood x Impact
I27: Minimum score | J27: 1
I28: Maximum score | J28: 25
I29: Example | J29: 4x5=20
I31: Treatment options
I32: Mitigate | J32: Ridurre il rischio implementando o migliorando controlli
I33: Accept | J33: Accettare formalmente il rischio se rientra nella risk appetite
I34: Transfer | J34: Trasferire parte del rischio tramite assicurazione, contratto o fornitore
I35: Avoid | J35: Eliminare l’attività o il processo che genera il rischio
D39: Inherent vs residual risk
D40: Risk Type | F40: Description
D41: Inherent Risk | F41: Rischio esistente prima di considerare i controlli attuali.
D42: Residual Risk | F42: Rischio che rimane dopo aver considerato i controlli attuali.

Sheet Risk registrer
A1: Risk ID | B1: Risk Statement | C1: Asset / Process | D1: Threat / Cause | E1: Current Controls | F1: Inherent Likelihood | G1: Inherent Impact | H1: Inherent Score | I1: Inherent Rating | J1: Residual Likelihood | K1: Residual Impact | L1: Residual Score | M1: Residual Rating | N1: Treatment Option | O1: Recommended Treatment Plan | P1: Risk Owner
A2: R-01 | B2: A causa di un’autenticazione debole, esiste il rischio di accesso non autorizzato agli account dei pazienti, con possibile esposizione di dati sanitari, sanzioni GDPR e danno reputazionale. | C2: A-15 Credenziali degli utenti / BP-01 Patient Registration | D2: Autenticazione debole, MFA non applicata a tutti gli utenti | E2: Login con password e blocco base dell’account dopo tentativi falliti | F2: 4 | G2: 5 | H2: =F2*G2 -> 20 | I2: =IF(H2>=16,"Critical",IF(H2>=10,"High",IF(H2>=5,"Medium","Low"))) -> Critical | J2: 3 | K2: 5 | L2: =J2*K2 -> 15 | M2: =IF(L2>=16,"Critical",IF(L2>=10,"High",IF(L2>=5,"Medium","Low"))) -> High | N2: Mitigate | O2: Implementare MFA per tutti gli utenti, rafforzare la password policy, introdurre autenticazione adattiva e monitoraggio dei login sospetti. | P2: CISO
A3: R-02 | B3: A causa di attacchi di phishing verso dipendenti in remote work, esiste il rischio di furto delle credenziali, con possibile accesso non autorizzato ai sistemi interni e ai dati dei pazienti. | C3: A-06 Ambiente Microsoft 365 + A-12 Dipendenti e professionisti sanitari / BP-09 Employee Access Management | D3: Phishing, remote work, uso intensivo di email aziendale | E3: Email filtering e formazione annuale sulla security awareness | F3: 3 | G3: 5 | H3: =F3*G3 -> 15 | I3: =IF(H3>=16,"Critical",IF(H3>=10,"High",IF(H3>=5,"Medium","Low"))) -> High | J3: 2 | K3: 4 | L3: =J3*K3 -> 8 | M3: =IF(L3>=16,"Critical",IF(L3>=10,"High",IF(L3>=5,"Medium","Low"))) -> Medium | N3: Mitigate | O3: Introdurre simulazioni di phishing, MFA su tutti gli account, conditional access, formazione periodica e alert sui login anomali. | P3: Security Awareness Lead
A4: R-03 | B4: A causa di configurazioni errate nel cloud storage, esiste il rischio di esposizione pubblica dei referti e dei dati sanitari, con obbligo di notifica GDPR e perdita di fiducia dei pazienti. | C4: A-01 Database dei dati sanitari dei pazienti + A-04 Infrastruttura cloud AWS / BP-04 Health Record Management | D4: Cloud misconfiguration, permessi eccessivi, storage esposto | E4: Controlli IAM e revisione manuale degli amministratori | F4: 4 | G4: 5 | H4: =F4*G4 -> 20 | I4: =IF(H4>=16,"Critical",IF(H4>=10,"High",IF(H4>=5,"Medium","Low"))) -> Critical | J4: 2 | K4: 5 | L4: =J4*K4 -> 10 | M4: =IF(L4>=16,"Critical",IF(L4>=10,"High",IF(L4>=5,"Medium","Low"))) -> High | N4: Mitigate | O4: Abilitare CSPM, bloccare l’accesso pubblico allo storage, applicare encryption, least privilege, monitoraggio configurazioni e alert automatici. | P4: Cloud Engineer
A5: R-04 | B5: A causa di componenti applicativi non aggiornati, esiste il rischio di sfruttamento di vulnerabilità note, con possibile compromissione della piattaforma di telemedicina. | C5: A-02 Applicazione web di telemedicina / BP-03 Medical Consultation | D5: Componenti software vulnerabili, patching non tempestivo | E5: Patching mensile e vulnerability scanning periodico | F5: 3 | G5: 3 | H5: =F5*G5 -> 9 | I5: =IF(H5>=16,"Critical",IF(H5>=10,"High",IF(H5>=5,"Medium","Low"))) -> Medium | J5: 2 | K5: 3 | L5: =J5*K5 -> 6 | M5: =IF(L5>=16,"Critical",IF(L5>=10,"High",IF(L5>=5,"Medium","Low"))) -> Medium | N5: Mitigate | O5: Definire SLA per la remediation delle vulnerabilità, applicare patch critiche settimanalmente, introdurre SAST/DAST e dependency scanning. | P5: Application Security Lead
A6: R-05 | B6: A causa di test di ripristino insufficienti, esiste il rischio che un attacco ransomware provochi una lunga interruzione del servizio e perdita di disponibilità dei dati sanitari. | C6: A-09 Sistemi di backup + A-01 Database dei dati sanitari dei pazienti / BP-04 Health Record Management | D6: Ransomware, backup non testati regolarmente, recovery incerta | E6: Backup giornalieri e cloud snapshots | F6: 4 | G6: 5 | H6: =F6*G6 -> 20 | I6: =IF(H6>=16,"Critical",IF(H6>=10,"High",IF(H6>=5,"Medium","Low"))) -> Critical | J6: 2 | K6: 5 | L6: =J6*K6 -> 10 | M6: =IF(L6>=16,"Critical",IF(L6>=10,"High",IF(L6>=5,"Medium","Low"))) -> High | N6: Mitigate | O6: Implementare immutable backups, test di restore trimestrali, definire RTO/RPO e creare un ransomware recovery playbook. | P6: IT Operations Manager
A7: R-06 | B7: A causa di controlli insufficienti sui dispositivi dei professionisti sanitari, esiste il rischio che dispositivi personali non sicuri accedano ai dati dei pazienti, causando data leakage e violazioni privacy. | C7: A-08 Dispositivi dei professionisti sanitari / BP-03 Medical Consultation | D7: BYOD, endpoint non gestiti, assenza di MDM | E7: Accesso consentito con credenziali aziendali | F7: 3 | G7: 3 | H7: =F7*G7 -> 9 | I7: =IF(H7>=16,"Critical",IF(H7>=10,"High",IF(H7>=5,"Medium","Low"))) -> Medium | J7: 2 | K7: 3 | L7: =J7*K7 -> 6 | M7: =IF(L7>=16,"Critical",IF(L7>=10,"High",IF(L7>=5,"Medium","Low"))) -> Medium | N7: Mitigate | O7: Introdurre MDM, device compliance check, encryption obbligatoria, blocco dei dispositivi non conformi e policy BYOD. | P7: IT Manager
A8: R-07 | B8: A causa di privilegi eccessivi, esiste il rischio che dipendenti o professionisti accedano a dati sanitari non necessari, causando violazioni di privacy e mancato rispetto del principio di least privilege. | C8: A-15 Credenziali degli utenti + A-01 Database dei dati sanitari dei pazienti / BP-09 Employee Access Management | D8: Accessi eccessivi, ruoli non revisionati | E8: Role-based access control e approvazione del manager | F8: 3 | G8: 5 | H8: =F8*G8 -> 15 | I8: =IF(H8>=16,"Critical",IF(H8>=10,"High",IF(H8>=5,"Medium","Low"))) -> High | J8: 2 | K8: 4 | L8: =J8*K8 -> 8 | M8: =IF(L8>=16,"Critical",IF(L8>=10,"High",IF(L8>=5,"Medium","Low"))) -> Medium | N8: Mitigate | O8: Eseguire access review trimestrali, applicare least privilege, segregazione dei ruoli, logging degli accessi e revoca tempestiva degli utenti non necessari. | P8: Data Protection Officer
A9: R-08 | B9: A causa di monitoraggio non centralizzato, esiste il rischio di rilevare in ritardo attività sospette, aumentando il tempo di permanenza dell’attaccante nei sistemi aziendali. | C9: A-13 Registri di sicurezza / BP-10 Regulatory Compliance | D9: Logging incompleto, assenza di SIEM centralizzato | E9: Log locali sui principali sistemi | F9: 3 | G9: 4 | H9: =F9*G9 -> 12 | I9: =IF(H9>=16,"Critical",IF(H9>=10,"High",IF(H9>=5,"Medium","Low"))) -> High | J9: 2 | K9: 3 | L9: =J9*K9 -> 6 | M9: =IF(L9>=16,"Critical",IF(L9>=10,"High",IF(L9>=5,"Medium","Low"))) -> Medium | N9: Mitigate | O9: Implementare SIEM, centralizzare i log, definire alert per accessi anomali, conservazione log e procedure di incident response. | P9: SOC Lead
A10: R-09 | B10: A causa di controlli insufficienti sui fornitori SaaS, esiste il rischio che una violazione presso un vendor critico causi indisponibilità del servizio o esposizione di dati dei pazienti. | C10: A-10 Fornitore del servizio di videoconsulto + A-11 Fornitore dei servizi di pagamento / BP-06 Payment Processing | D10: Vendor risk, dipendenza da terze parti, controlli contrattuali deboli | E10: Contratti standard e questionari security iniziali | F10: 4 | G10: 5 | H10: =F10*G10 -> 20 | I10: =IF(H10>=16,"Critical",IF(H10>=10,"High",IF(H10>=5,"Medium","Low"))) -> Critical | J10: 3 | K10: 4 | L10: =J10*K10 -> 12 | M10: =IF(L10>=16,"Critical",IF(L10>=10,"High",IF(L10>=5,"Medium","Low"))) -> High | N10: Transfer/ Mitigate | O10: Rafforzare vendor risk assessment, richiedere report SOC 2 o ISO 27001, SLA di sicurezza, clausole GDPR, audit right e piano di exit strategy. | P10: Vendor Manager
A11: R-10 | B11: A causa di protezione insufficiente delle API, esiste il rischio di accesso non autorizzato a dati di prenotazioni, profili paziente o referti, causando data leakage. | C11: A-02 Applicazione web di telemedicina + A-03 Applicazione mobile / BP-02 Appointment Booking | D11: API vulnerabili, autenticazione debole, assenza di rate limiting | E11: HTTPS e API key di base | F11: 3 | G11: 4 | H11: =F11*G11 -> 12 | I11: =IF(H11>=16,"Critical",IF(H11>=10,"High",IF(H11>=5,"Medium","Low"))) -> High | J11: 2 | K11: 3 | L11: =J11*K11 -> 6 | M11: =IF(L11>=16,"Critical",IF(L11>=10,"High",IF(L11>=5,"Medium","Low"))) -> Medium | N11: Mitigate | O11: Implementare API gateway, OAuth 2.0, rate limiting, input validation, API security testing e monitoraggio delle chiamate anomale. | P11: Application Security Lead
A12: R-11 | B12: A causa di retention policy non definita, esiste il rischio che dati sanitari vengano conservati più a lungo del necessario, aumentando esposizione privacy e impatto in caso di data breach. | C12: A-01 Database dei dati sanitari dei pazienti / BP-10 Regulatory Compliance | D12: Mancanza di retention policy, data lifecycle non formalizzato | E12: Cancellazione manuale su richiesta | F12: 3 | G12: 4 | H12: =F12*G12 -> 12 | I12: =IF(H12>=16,"Critical",IF(H12>=10,"High",IF(H12>=5,"Medium","Low"))) -> High | J12: 2 | K12: 3 | L12: =J12*K12 -> 6 | M12: =IF(L12>=16,"Critical",IF(L12>=10,"High",IF(L12>=5,"Medium","Low"))) -> Medium | N12: Mitigate | O12: Definire data retention policy, automatizzare deletion workflow, documentare legal hold e verificare periodicamente la conformità GDPR. | P12: Data Protection Officer
A13: R-12 | B13: A causa di processo Joiner-Mover-Leaver parzialmente manuale, esiste il rischio che account di ex dipendenti restino attivi, causando accesso non autorizzato ai sistemi aziendali. | C13: A-15 Credenziali degli utenti / BP-09 Employee Access Management | D13: Offboarding manuale, revoca accessi ritardata | E13: Richieste via ticket e approvazione manager | F13: 3 | G13: 5 | H13: =F13*G13 -> 15 | I13: =IF(H13>=16,"Critical",IF(H13>=10,"High",IF(H13>=5,"Medium","Low"))) -> High | J13: 2 | K13: 4 | L13: =J13*K13 -> 8 | M13: =IF(L13>=16,"Critical",IF(L13>=10,"High",IF(L13>=5,"Medium","Low"))) -> Medium | N13: Mitigate | O13: Automatizzare il processo JML, integrare HR system con IAM, revoca immediata all’uscita, review account inattivi e controllo mensile degli accessi. | P13: IT Manager
... A16: R-15 | B16: A causa di assenza di un piano di incident response testato, esiste il rischio che l’azienda risponda lentamente a un data breach, aumentando danni, obblighi di notifica e impatto reputazionale. | C16: A-13 Registri di sicurezza + A-14 Reputazione aziendale / BP-10 Regulatory Compliance | D16: Incident response non testato, ruoli non chiari, escalation lenta | E16: Procedura base di escalation IT | F16: 3 | G16: 4 | H16: =F16*G16 -> 12 | I16: =IF(H16>=16,"Critical",IF(H16>=10,"High",IF(H16>=5,"Medium","Low"))) -> High | J16: 2 | K16: 3 | L16: =J16*K16 -> 6 | M16: =IF(L16>=16,"Critical",IF(L16>=10,"High",IF(L16>=5,"Medium","Low"))) -> Medium | N16: Mitigate | O16: Formalizzare incident response plan, definire ruoli e contatti, eseguire tabletop exercise, integrare DPO e legal, e testare la notifica GDPR. | P16: CISO
H17: =F17*G17 -> 0 | I17: =IF(H17>=16,"Critical",IF(H17>=10,"High",IF(H17>=5,"Medium","Low"))) -> Low | L17: =J17*K17 -> 0 | M17: =IF(L17>=16,"Critical",IF(L17>=10,"High",IF(L17>=5,"Medium","Low"))) -> Low
H18: =F18*G18 -> 0 | I18: =IF(H18>=16,"Critical",IF(H18>=10,"High",IF(H18>=5,"Medium","Low"))) -> Low | L18: =J18*K18 -> 0 | M18: =IF(L18>=16,"Critical",IF(L18>=10,"High",IF(L18>=5,"Medium","Low"))) -> Low
H19: =F19*G19 -> 0 | I19: =IF(H19>=16,"Critical",IF(H19>=10,"High",IF(H19>=5,"Medium","Low"))) -> Low | L19: =J19*K19 -> 0 | M19: =IF(L19>=16,"Critical",IF(L19>=10,"High",IF(L19>=5,"Medium","Low"))) -> Low
H20: =F20*G20 -> 0 | I20: =IF(H20>=16,"Critical",IF(H20>=10,"High",IF(H20>=5,"Medium","Low"))) -> Low | L20: =J20*K20 -> 0 | M20: =IF(L20>=16,"Critical",IF(L20>=10,"High",IF(L20>=5,"Medium","Low"))) -> Low
H21: =F21*G21 -> 0 | I21: =IF(H21>=16,"Critical",IF(H21>=10,"High",IF(H21>=5,"Medium","Low"))) -> Low | L21: =J21*K21 -> 0 | M21: =IF(L21>=16,"Critical",IF(L21>=10,"High",IF(L21>=5,"Medium","Low"))) -> Low
H22: =F22*G22 -> 0 | I22: =IF(H22>=16,"Critical",IF(H22>=10,"High",IF(H22>=5,"Medium","Low"))) -> Low | L22: =J22*K22 -> 0 | M22: =IF(L22>=16,"Critical",IF(L22>=10,"High",IF(L22>=5,"Medium","Low"))) -> Low
H23: =F23*G23 -> 0 | I23: =IF(H23>=16,"Critical",IF(H23>=10,"High",IF(H23>=5,"Medium","Low"))) -> Low | L23: =J23*K23 -> 0 | M23: =IF(L23>=16,"Critical",IF(L23>=10,"High",IF(L23>=5,"Medium","Low"))) -> Low
H24: =F24*G24 -> 0 | I24: =IF(H24>=16,"Critical",IF(H24>=10,"High",IF(H24>=5,"Medium","Low"))) -> Low | L24: =J24*K24 -> 0 | M24: =IF(L24>=16,"Critical",IF(L24>=10,"High",IF(L24>=5,"Medium","Low"))) -> Low
H25: =F25*G25 -> 0 | I25: =IF(H25>=16,"Critical",IF(H25>=10,"High",IF(H25>=5,"Medium","Low"))) -> Low | L25: =J25*K25 -> 0 | M25: =IF(L25>=16,"Critical",IF(L25>=10,"High",IF(L25>=5,"Medium","Low"))) -> Low
H26: =F26*G26 -> 0 | I26: =IF(H26>=16,"Critical",IF(H26>=10,"High",IF(H26>=5,"Medium","Low"))) -> Low | L26: =J26*K26 -> 0 | M26: =IF(L26>=16,"Critical",IF(L26>=10,"High",IF(L26>=5,"Medium","Low"))) -> Low
H27: =F27*G27 -> 0 | I27: =IF(H27>=16,"Critical",IF(H27>=10,"High",IF(H27>=5,"Medium","Low"))) -> Low | L27: =J27*K27 -> 0 | M27: =IF(L27>=16,"Critical",IF(L27>=10,"High",IF(L27>=5,"Medium","Low"))) -> Low
H28: =F28*G28 -> 0 | I28: =IF(H28>=16,"Critical",IF(H28>=10,"High",IF(H28>=5,"Medium","Low"))) -> Low | L28: =J28*K28 -> 0 | M28: =IF(L28>=16,"Critical",IF(L28>=10,"High",IF(L28>=5,"Medium","Low"))) -> Low
... H40: =F40*G40 -> 0 | I40: =IF(H40>=16,"Critical",IF(H40>=10,"High",IF(H40>=5,"Medium","Low"))) -> Low | L40: =J40*K40 -> 0 | M40: =IF(L40>=16,"Critical",IF(L40>=10,"High",IF(L40>=5,"Medium","Low"))) -> Low

Sheet Executive summary
A1: MediConnect Health Cyber Risk Assessment – Executive Summary
A4: Testo introduttivo
A5: Questa valutazione ha identificato 15 rischi di cybersecurity relativi alla piattaforma di telemedicina di MediConnect Health, ai dati sanitari dei pazienti, all’infrastruttura cloud, agli utenti interni, ai fornitori terzi e ai processi aziendali critici. I rischi sono stati valutati utilizzando una scala Likelihood e Impact da 1 a 5. Il Risk Score è stato calcolato moltiplicando Likelihood × Impact. Sono stati inoltre valutati il rischio inerente e il rischio residuo, considerando i controlli attuali già presenti nell’organizzazione.
A12: Finding ID | B12: Key Finding | L12: Risk Rating | M12: Inherent risk count | N12: Risk residual count
A13: KF-01 | B13: I rischi più critici riguardano accesso non autorizzato agli account dei pazienti, cloud misconfiguration e ransomware. | L13: Critical | M13: 5 | N13: 0
A14: KF-02 | B14: I dati sanitari dei pazienti rappresentano l’asset più sensibile e più esposto dal punto di vista privacy e compliance. | L14: High | M14: 8 | N14: 4
A15: KF-03 | B15: L’assenza di MFA estesa a tutti gli utenti aumenta il rischio di compromissione account. | L15: Medium | M15: 2 | N15: 11
A16: KF-04 | B16: La dipendenza da fornitori SaaS e cloud richiede un processo strutturato di vendor risk management. | L16: Low | M16: 0 | N16: 0
A17: KF-05 | B17: Il rischio residuo si riduce con controlli come MFA, SIEM, MDM, CSPM, backup immutabili e access review periodiche.
A21: Rank | B21: Risk ID | C21: Risk Theme | D21: Perché è importante | F21: Prioroty | H21: Recomendation ID | J21: Recomendation | L21: Expet benefit
A22: 1 | B22: R-01 | C22: Account compromise | D22: Può esporre dati sanitari e causare sanzioni GDPR | F22: Critical | H22: REC-01 | J22: Estendere MFA a pazienti, dipendenti e professionisti sanitari. | L22: Riduce il rischio di account compromise
A23: 2 | B23: R-02 | C23: Cloud misconfiguration | D23: Può rendere pubblici referti e dati paziente | F23: Critical | H23: REC-02 | J23: Implementare SIEM e centralizzare i log di sicurezza. | L23: Migliora detection e incident response.
A24: 3 | B24: R-03 | C24: Ransomware / Backup recovery | D24: Può interrompere servizi sanitari e disponibilità dei dati | F24: Critical | H24: REC-03 | J24: Introdurre CSPM per il monitoraggio delle configurazioni cloud. | L24: Riduce il rischio di cloud misconfiguration
A25: 4 | B25: R-04 | C25: Third-party risk | D25: Fornitori critici possono causare impatti su dati e continuità | F25: High | H25: REC-04 | J25: Formalizzare vendor risk management per fornitori SaaS critici. | L25: Riduce il rischio derivante da terze parti
A26: 5 | B26: R-05 | C26: JML / Access management | D26: Account non revocati possono consentire accesso non autorizzato | F26: High | H26: REC-05 | J26: Testare periodicamente backup e recovery plan. | L26: Migliora resilienza contro ransomware e outage
H27: REC-06 | J27: Automatizzare il processo Joiner-Mover-Leaver. | L27: Riduce il rischio di account orfani o accessi non autorizzati
H28: REC-07 | J28: Introdurre MDM per dispositivi dei professionisti sanitari. | L28: Riduce il rischio BYOD ed endpoint non conformi
A30: Executive Conclusion
A31: La valutazione evidenzia che MediConnect Health presenta un’esposizione significativa sui rischi legati a identità digitali, dati sanitari, cloud security, backup recovery e fornitori terzi. Le priorità di trattamento dovrebbero concentrarsi sull’estensione della MFA, sul miglioramento del monitoraggio tramite SIEM, sull’introduzione di controlli CSPM per l’ambiente cloud, sulla revisione periodica degli accessi e sul rafforzamento del processo di vendor risk management. L’implementazione di questi controlli ridurrebbe in modo significativo il rischio residuo e migliorerebbe la capacità dell’organizzazione di proteggere dati sanitari, continuità del servizio e conformità normativa.
